2,pyook
4,rwcpp
5,ynztx
6,hyoij
8,hulmh
9,shsjt
10,uybre
11,ryknw
12,boewi
15,puiey
18,udphm
19,upcwn
20,elqnv
22,bwerd
24,crsme
25,qapgb
26,suopz
27,hvkxu
29,qfpfr
32,osjfb
33,cfopr
35,gkxem
36,tunio
37,swumh
38,zshea
40,tkewm
42,sbyeo
43,ltbmp
45,qbmyv
47,vksqy
48,extsq
49,vogzr
50,tnjvb
51,gfstl
52,heefe
54,awtld
55,qrwtm
56,hgzhn
57,lngjg
62,pgqrg
67,utvqm
71,dofjm
72,escjt
74,btppz
81,kprcw
87,asmdm
89,kcwiu
90,yqkut
92,jghjl
93,ugeby
94,uunct
95,ewqay
99,jvocm
100,xnwlo
103,wywsh
107,oyxgn
115,nvard
117,yxiav
119,vtllp
121,ribuv
122,cxdwh
124,tsyxu
125,eedut
127,zvzqy
128,bguqg
132,bfsko
133,celru
134,xpmao
135,ohzeo
142,yvxhz
143,xjpcu
144,fqcii
146,ykbud
150,fimxe
151,idtcq
152,olvrh
154,smjfi
156,ccevz
163,xjtih
165,xmejo
170,mkqfm
171,heqih
172,vpqpc
173,jcrzk
174,pwqxx
176,mufbz
177,rttyh
179,gfxqe
181,ucpto
182,yqfdg
184,cbvmk
185,dvcoz
186,lzltc
188,orybt
189,chfqs
190,oxowe
192,gzdee
194,xowoq
195,pghcu
196,qlwdh
